&Reac_Pressure,Coolant_OutletTemp,T10,ColumnPC_OP,CondDuty_OutletTemp
29.9396,47.1669,182.235,47.6326,61.1599
29.4974,45.7063,182.218,47.2119,61.6422
29.1028,45.497,182.275,48.3266,61.747
28.8263,46.0931,182.318,49.5561,61.3308
28.6948,47.1695,182.296,49.5242,60.8892
28.7012,48.4944,182.253,48.8005,60.7863
28.8254,49.8483,182.254,48.7979,60.8374
29.0361,51.0194,182.289,49.6602,60.6758
29.2864,51.8396,182.299,50.1902,60.3399
29.5412,52.2371,182.265,49.694,60.177
29.7559,52.19,182.235,48.9166,60.3425
29.8973,51.7941,182.241,48.809,60.596
29.9562,51.1878,182.269,49.2379,60.6823
29.9355,50.5408,182.274,49.3344,60.6538
29.8539,49.9869,182.254,48.8343,60.7413
29.7384,49.6117,182.243,48.4094,60.9714
29.6153,49.4484,182.258,48.595,61.134
29.5068,49.4864,182.28,49.0324,61.1028
29.4276,49.6824,182.278,49.1127,60.9968
29.3814,49.996,182.263,48.7902,60.9888
29.3708,50.3632,182.257,48.6076,61.0753
29.391,50.7189,182.271,48.8434,61.0999
29.432,51.0152,182.28,49.1108,61.0141
29.4817,51.2193,182.271,49.0112,60.9441
29.5315,51.3272,182.258,48.6834,60.9915
29.5721,51.341,182.257,48.5559,61.1013
29.5973,51.2838,182.267,48.712,61.1489
29.6057,51.1877,182.272,48.8102,61.1299
29.5991,51.0836,182.265,48.6375,61.1414
29.5813,50.9983,182.257,48.405,61.2261
29.5574,50.9485,182.26,48.3912,61.3157
29.5325,50.9417,182.268,48.5493,61.3323
29.5115,50.9748,182.27,48.6031,61.3038
29.4959,51.0414,182.263,48.4593,61.3078
29.4876,51.1284,182.258,48.3206,61.3624
29.4864,51.2227,182.261,48.3644,61.4057
29.4911,51.3105,182.266,48.4841,61.3959
29.4995,51.3837,182.265,48.4749,61.3716
29.5094,51.4372,182.258,48.3325,61.3907
29.5184,51.4689,182.256,48.2415,61.4432
29.5255,51.4832,182.261,48.2904,61.4794
29.5296,51.4839,182.264,48.3614,61.4765
29.5303,51.4773,182.261,48.3112,61.4746
29.5282,51.4698,182.257,48.1896,61.5091
29.5241,51.4664,182.256,48.1486,61.5588
29.519,51.4704,182.26,48.211,61.5804
29.514,51.4826,182.262,48.249,61.5742
29.5099,51.5029,182.259,48.1867,61.5777
29.5072,51.5285,182.256,48.1028,61.6083
29.506,51.5573,182.257,48.1001,61.641
29.5062,51.5863,182.26,48.1555,61.648
29.5075,51.6124,182.26,48.1625,61.6414
29.5094,51.6345,182.257,48.0949,61.6513
29.5113,51.6518,182.256,48.0369,61.6812
29.513,51.6648,182.257,48.0484,61.7053
29.5142,51.6746,182.259,48.0874,61.7093
29.5148,51.6815,182.259,48.0729,61.7086
29.5148,51.687,182.257,48.012,61.7239
29.5142,51.6924,182.256,47.9776,61.7508
29.5134,51.6986,182.258,47.9956,61.7677
29.5124,51.7064,182.259,48.0194,61.7694
29.5116,51.7155,182.258,47.9968,61.7714
29.5109,51.7259,182.256,47.9488,61.7869
29.5106,51.7369,182.256,47.9325,61.8071
29.5106,51.7481,182.258,47.9521,61.8172
29.5108,51.7591,182.258,47.9614,61.8175
29.5112,51.7689,182.257,47.933,61.8222
29.5117,51.7776,182.256,47.8973,61.8374
29.5122,51.7851,182.257,47.8921,61.8532
29.5126,51.7916,182.258,47.9084,61.8594
29.5129,51.7974,182.258,47.9071,61.8604
29.5131,51.8025,182.257,47.8777,61.8675
29.5132,51.8074,182.256,47.853,61.8819
29.5131,51.8121,182.257,47.8562,61.8933
29.5131,51.817,182.258,47.867,61.8968
29.513,51.8221,182.258,47.8585,61.8985
29.5129,51.8272,182.256,47.8325,61.9064
29.513,51.8324,182.256,47.8172,61.9185
29.513,51.8375,182.257,47.8237,61.9264
29.5132,51.8425,182.257,47.8298,61.928
29.5133,51.8472,182.257,47.8163,61.9306
29.5135,51.8516,182.256,47.7956,61.9387
29.5138,51.8558,182.256,47.7883,61.9482
29.514,51.8595,182.257,47.7945,61.9532
29.5141,51.8629,182.257,47.7949,61.9545
29.5143,51.8661,182.257,47.7803,61.9581
29.5144,51.869,182.256,47.7646,61.9658
29.5145,51.8719,182.256,47.7623,61.9731
29.5145,51.8746,182.257,47.7675,61.9762
29.5146,51.8774,182.257,47.7644,61.9774
29.5146,51.8801,182.256,47.7502,61.9814
29.5147,51.8827,182.256,47.7386,61.9883
29.5148,51.8853,182.256,47.7393,61.9938
29.5149,51.8878,182.257,47.7435,61.9955
29.515,51.8902,182.257,47.7375,61.9967
29.5151,51.8925,182.256,47.7244,62.0009
29.5152,51.8947,182.256,47.7173,62.0068
29.5153,51.8967,182.256,47.7194,62.0106
29.5154,51.8986,182.257,47.721,62.0117
29.5155,51.9004,182.256,47.7139,62.0134
29.5155,51.9021,182.256,47.7031,62.0175
29.5156,51.9037,182.256,47.6993,62.0222
29.5156,51.9052,182.256,47.7015,62.0247
29.5157,51.9067,182.256,47.7009,62.0256
29.5157,51.9081,182.256,47.6936,62.0275
29.5157,51.9095,182.256,47.6854,62.0313
29.5158,51.9109,182.256,47.6839,62.035
29.5158,51.9122,182.256,47.6859,62.0365
29.5158,51.9134,182.256,47.6834,62.0373
29.5159,51.9146,182.256,47.6763,62.0394
29.5159,51.9158,182.256,47.6705,62.0428
29.5159,51.9169,182.256,47.6707,62.0454
29.5159,51.9179,182.256,47.6717,62.0464
29.516,51.9188,182.256,47.6682,62.0473
29.516,51.9198,182.256,47.6617,62.0495
29.516,51.9206,182.256,47.6584,62.0524
29.516,51.9215,182.256,47.6589,62.0542
29.516,51.9223,182.256,47.6594,62.0549
29.516,51.9231,182.256,47.6555,62.0557
29.516,51.9238,182.256,47.6501,62.0579
29.516,51.9245,182.256,47.6483,62.0602
29.516,51.9252,182.256,47.6491,62.0615
29.5159,51.9259,182.256,47.6486,62.062
29.5159,51.9265,182.256,47.6444,62.0632
29.5159,51.9271,182.256,47.6407,62.0651
29.5159,51.9276,182.256,47.6401,62.0668
29.5159,51.9282,182.256,47.6409,62.0676
29.5158,51.9287,182.256,47.6391,62.0681
29.5158,51.9292,182.256,47.6355,62.0694
29.5158,51.9297,182.256,47.633,62.0711
29.5157,51.9301,182.256,47.6331,62.0723
29.5157,51.9306,182.256,47.6334,62.0729
29.5157,51.931,182.256,47.6314,62.0734
29.5156,51.9314,182.256,47.6283,62.0747
29.5156,51.9318,182.256,47.6271,62.0761
29.5156,51.9321,182.256,47.6276,62.0769
29.5155,51.9325,182.256,47.6273,62.0773
29.5155,51.9328,182.256,47.6249,62.078
29.5154,51.9331,182.256,47.6226,62.0793
29.5154,51.9334,182.256,47.6222,62.0804
29.5154,51.9337,182.256,47.6234,62.0807
29.5153,51.934,182.256,47.622,62.081
29.5153,51.9343,182.256,47.6191,62.082
29.5152,51.9345,182.256,47.6181,62.0833
29.5152,51.9348,182.256,47.6195,62.0839
29.5151,51.935,182.256,47.6196,62.084
29.5151,51.9352,182.256,47.6174,62.0844
29.515,51.9354,182.256,47.6153,62.0855
29.515,51.9356,182.256,47.6154,62.0865
29.5149,51.9358,182.256,47.6166,62.0868
29.5149,51.936,182.256,47.6161,62.0868
29.5148,51.9362,182.256,47.614,62.0874
29.5148,51.9364,182.256,47.6126,62.0885
29.5148,51.9365,182.256,47.6131,62.0892
29.5147,51.9367,182.256,47.6142,62.0893
29.5147,51.9369,182.256,47.6134,62.0894
29.5146,51.937,182.256,47.6116,62.0901
29.5146,51.9372,182.256,47.6108,62.091
29.5145,51.9373,182.256,47.612,62.0914
29.5145,51.9374,182.256,47.6122,62.0914
29.5145,51.9375,182.256,47.6109,62.0917
29.5144,51.9377,182.256,47.6094,62.0925
29.5144,51.9378,182.256,47.6099,62.0932
29.5143,51.9379,182.256,47.6111,62.0933
29.5143,51.938,182.256,47.6108,62.0932
29.5143,51.9381,182.256,47.6091,62.0937
29.5142,51.9382,182.255,47.6084,62.0945
29.5142,51.9383,182.256,47.6093,62.0949
29.5142,51.9384,182.256,47.6103,62.0949
29.5141,51.9385,182.256,47.6093,62.0949
29.5141,51.9386,182.255,47.6078,62.0956
29.5141,51.9386,182.255,47.6075,62.0963
29.5141,51.9387,182.256,47.609,62.0965
29.514,51.9388,182.256,47.6096,62.0963
29.514,51.9389,182.255,47.6084,62.0965
29.514,51.9389,182.255,47.6074,62.097
29.5139,51.939,182.255,47.6077,62.0976
29.5139,51.9391,182.256,47.6084,62.0977
29.5139,51.9391,182.256,47.6086,62.0977
29.5139,51.9392,182.256,47.608,62.0979
29.5139,51.9393,182.255,47.6073,62.0983
29.5139,51.9393,182.255,47.6075,62.0987
29.5138,51.9394,182.256,47.6082,62.0988
29.5138,51.9394,182.256,47.6082,62.0988
29.5138,51.9395,182.255,47.6076,62.099
29.5138,51.9395,182.255,47.6071,62.0994
29.5138,51.9396,182.255,47.6074,62.0998
29.5138,51.9396,182.256,47.6081,62.0998
29.5138,51.9397,182.256,47.6079,62.0998
29.5137,51.9397,182.255,47.6073,62.1001
29.5137,51.9398,182.255,47.607,62.1004
29.5137,51.9398,182.255,47.6075,62.1006
29.5137,51.9398,182.256,47.6083,62.1005
29.5137,51.9399,182.255,47.6076,62.1006
29.5137,51.9399,182.256,47.6066,62.101
29.5137,51.9399,182.255,47.6069,62.1014
29.5137,51.94,182.256,47.6079,62.1014
29.5137,51.94,182.256,47.6081,62.1013
29.5137,51.94,182.256,47.607,62.1014
29.5137,51.9401,182.255,47.6063,62.1019
29.5137,51.9401,182.255,47.607,62.1022
29.5137,51.9401,182.256,47.6077,62.1021
29.5137,51.9402,182.256,47.6078,62.1019
29.5137,51.9402,182.256,47.6069,62.1021
29.5137,51.9402,182.256,47.6063,62.1025
29.5137,51.9402,182.256,47.6069,62.1028
29.5137,51.9403,182.256,47.608,62.1026
29.5137,51.9403,182.256,47.6071,62.1025
29.5137,51.9403,182.256,47.6061,62.1029
29.5137,51.9403,182.255,47.6064,62.1033
29.5137,51.9403,182.256,47.6076,62.1032
29.5137,51.9404,182.256,47.6077,62.103
29.5138,51.9404,182.256,47.6068,62.103
29.5138,51.9404,182.255,47.6059,62.1034
29.5138,51.9404,182.255,47.6062,62.1038
29.5138,51.9404,182.256,47.6072,62.1037
29.5138,51.9405,182.256,47.6074,62.1035
29.5138,51.9405,182.256,47.6064,62.1036
29.5138,51.9405,182.256,47.6056,62.104
29.5138,51.9405,182.256,47.6062,62.1042
29.5138,51.9405,182.256,47.6068,62.1042
29.5138,51.9405,182.256,47.607,62.104
29.5138,51.9405,182.256,47.6061,62.104
29.5138,51.9406,182.256,47.6054,62.1044
29.5139,51.9406,182.256,47.6059,62.1046
29.5139,51.9406,182.256,47.6064,62.1045
29.5139,51.9406,182.256,47.6064,62.1044
29.5139,51.9406,182.256,47.6058,62.1045
29.5139,51.9406,182.256,47.6052,62.1047
29.5139,51.9406,182.256,47.6055,62.1049
29.5139,51.9406,182.256,47.6062,62.1048
29.5139,51.9406,182.256,47.606,62.1047
29.5139,51.9406,182.256,47.605,62.1049
29.5139,51.9407,182.256,47.6048,62.1052
29.5139,51.9407,182.256,47.6054,62.1052
29.514,51.9407,182.256,47.6059,62.105
29.514,51.9407,182.256,47.6051,62.105
29.514,51.9407,182.256,47.6043,62.1053
29.514,51.9407,182.256,47.6044,62.1056
29.514,51.9407,182.256,47.6053,62.1056
29.514,51.9407,182.256,47.6057,62.1053
29.514,51.9407,182.256,47.6045,62.1053
29.514,51.9407,182.256,47.6034,62.1057
29.514,51.9407,182.256,47.6042,62.106
29.514,51.9407,182.256,47.6051,62.1058
29.514,51.9407,182.256,47.605,62.1055
29.514,51.9407,182.256,47.6039,62.1057
29.5141,51.9407,182.256,47.6033,62.1059
29.5141,51.9407,182.256,47.6039,62.1061
29.5141,51.9407,182.256,47.6052,62.1059
29.5141,51.9407,182.256,47.604,62.1057
29.5141,51.9407,182.256,47.6027,62.1061
29.5141,51.9407,182.256,47.6028,62.1065
29.5141,51.9407,182.256,47.6042,62.1063
29.5141,51.9407,182.256,47.6043,62.106
29.5141,51.9407,182.256,47.6027,62.1061
29.5141,51.9407,182.256,47.6022,62.1066
29.5141,51.9407,182.256,47.6035,62.1066
29.5141,51.9407,182.256,47.6043,62.1062
29.5141,51.9407,182.256,47.6031,62.1061
29.5141,51.9407,182.256,47.6014,62.1066
29.5141,51.9407,182.256,47.6019,62.107
29.5141,51.9407,182.256,47.6037,62.1068
29.5141,51.9407,182.256,47.6038,62.1063
29.5141,51.9407,182.256,47.602,62.1064
29.5141,51.9407,182.256,47.6009,62.107
29.5141,51.9407,182.256,47.6022,62.1073
29.5141,51.9407,182.256,47.6037,62.1068
29.5141,51.9407,182.256,47.6028,62.1065
29.5141,51.9407,182.256,47.601,62.1068
29.5141,51.9407,182.256,47.6007,62.1074
29.5141,51.9407,182.256,47.6025,62.1073
29.5141,51.9407,182.256,47.6032,62.1069
29.5141,51.9407,182.256,47.6019,62.1068
29.5141,51.9407,182.256,47.6004,62.1072
29.5142,51.9407,182.256,47.6007,62.1077
29.5142,51.9407,182.256,47.6022,62.1075
29.5142,51.9407,182.256,47.6026,62.1071
29.5142,51.9407,182.256,47.601,62.1071
29.5142,51.9407,182.256,47.6004,62.1076
29.5142,51.9407,182.256,47.6011,62.1077
29.5142,51.9407,182.256,47.6019,62.1075
29.5141,51.9407,182.256,47.6014,62.1073
29.5141,51.9407,182.256,47.6001,62.1076
29.5141,51.9407,182.256,47.6002,62.108
29.5141,51.9407,182.256,47.6014,62.1079
29.5141,51.9407,182.256,47.6016,62.1075
29.5141,51.9407,182.256,47.6009,62.1075
29.5141,51.9407,182.256,47.5998,62.1078
29.5141,51.9407,182.256,47.6004,62.1082
29.5141,51.9407,182.256,47.6011,62.108
29.5141,51.9407,182.256,47.601,62.1078
29.5141,51.9407,182.256,47.5997,62.1079
29.5141,51.9407,182.256,47.5994,62.1083
29.5141,51.9407,182.256,47.6006,62.1083
29.5141,51.9407,182.256,47.6012,62.108
29.5141,51.9407,182.256,47.6003,62.1079
29.5141,51.9407,182.256,47.5993,62.1082
29.5141,51.9407,182.256,47.5996,62.1085
29.5141,51.9407,182.256,47.6006,62.1084
29.5141,51.9407,182.256,47.6008,62.1081
29.5141,51.9407,182.256,47.5996,62.1082
29.5141,51.9407,182.256,47.599,62.1086
29.5141,51.9407,182.256,47.5999,62.1087
29.5141,51.9407,182.256,47.6008,62.1084
29.5141,51.9407,182.256,47.6001,62.1083
29.5141,51.9407,182.256,47.599,62.1085
29.5141,51.9407,182.256,47.599,62.1089
29.5141,51.9407,182.256,47.6001,62.1088
29.5141,51.9407,182.256,47.6004,62.1086
29.5141,51.9407,182.256,47.5998,62.1085
29.5141,51.9407,182.256,47.5988,62.1088
29.5141,51.9407,182.256,47.5985,62.1091
29.5141,51.9407,182.256,47.5996,62.1092
29.5141,51.9407,182.256,47.6005,62.1088
29.5141,51.9407,182.256,47.5997,62.1086
29.5141,51.9407,182.256,47.5986,62.1089
29.5141,51.9407,182.255,47.5985,62.1093
29.5141,51.9407,182.256,47.5995,62.1093
29.5141,51.9407,182.256,47.6003,62.109
29.5141,51.9407,182.256,47.5995,62.1088
29.5141,51.9407,182.256,47.5982,62.1091
29.5141,51.9407,182.255,47.5983,62.1095
29.5141,51.9407,182.256,47.5997,62.1094
29.5141,51.9407,182.256,47.6001,62.1091
29.5141,51.9407,182.256,47.5992,62.1091
29.5141,51.9407,182.256,47.5985,62.1093
29.5141,51.9407,182.256,47.5983,62.1096
29.5141,51.9407,182.256,47.5992,62.1096
29.5141,51.9407,182.256,47.5996,62.1094
29.5141,51.9407,182.256,47.599,62.1093
29.5141,51.9407,182.256,47.598,62.1096
29.5141,51.9407,182.256,47.5984,62.1098
29.5141,51.9407,182.256,47.5993,62.1097
29.5141,51.9407,182.256,47.5995,62.1094
29.5141,51.9407,182.256,47.5987,62.1094
29.5141,51.9407,182.256,47.5978,62.1098
29.5141,51.9407,182.256,47.5984,62.11
29.5141,51.9407,182.256,47.5995,62.1098
29.5141,51.9407,182.256,47.5993,62.1096
29.5141,51.9407,182.256,47.5977,62.1098
29.5141,51.9407,182.256,47.5979,62.1101
29.5141,51.9407,182.256,47.5989,62.1101
29.5141,51.9407,182.256,47.5998,62.1097
29.5141,51.9407,182.256,47.5985,62.1096
29.5141,51.9407,182.256,47.5973,62.1101
29.5141,51.9407,182.256,47.5978,62.1104
29.5141,51.9407,182.256,47.5992,62.1102
29.5141,51.9407,182.256,47.5994,62.1098
29.5141,51.9407,182.256,47.5978,62.1099
29.5141,51.9407,182.256,47.5972,62.1104
29.5141,51.9407,182.256,47.598,62.1106
29.5141,51.9407,182.256,47.5995,62.1103
29.5141,51.9407,182.256,47.5992,62.1099
29.5141,51.9407,182.256,47.5977,62.11
29.5141,51.9407,182.255,47.5969,62.1106
29.5141,51.9407,182.256,47.5981,62.1107
29.5141,51.9407,182.256,47.5995,62.1103
29.5141,51.9407,182.256,47.5989,62.11
29.5141,51.9407,182.256,47.5975,62.1102
29.5141,51.9407,182.255,47.597,62.1107
29.5141,51.9407,182.256,47.5981,62.1108
29.5141,51.9407,182.256,47.5991,62.1104
29.5141,51.9407,182.256,47.5985,62.1102
29.5141,51.9407,182.256,47.5972,62.1105
29.5141,51.9407,182.255,47.5971,62.1109
29.5141,51.9407,182.256,47.5985,62.1108
29.5141,51.9407,182.256,47.5989,62.1104
29.5141,51.9407,182.256,47.5977,62.1104
29.5141,51.9407,182.256,47.5967,62.1108
29.5141,51.9407,182.256,47.5972,62.1111
29.5141,51.9407,182.256,47.5986,62.1109
29.5141,51.9407,182.256,47.5991,62.1105
29.5141,51.9407,182.256,47.5971,62.1106
29.5141,51.9407,182.256,47.5964,62.1111
29.5141,51.9407,182.256,47.5972,62.1114
29.5141,51.9407,182.256,47.5988,62.111
29.5141,51.9407,182.256,47.5988,62.1105
29.5141,51.9407,182.256,47.5973,62.1107
29.5141,51.9407,182.255,47.5966,62.1111
29.5141,51.9407,182.256,47.5973,62.1113
29.5141,51.9407,182.256,47.5984,62.1111
29.5141,51.9407,182.256,47.5982,62.1108
29.5141,51.9407,182.256,47.5972,62.1108
29.5141,51.9407,182.256,47.5964,62.1112
29.5141,51.9407,182.256,47.5972,62.1114
29.5141,51.9407,182.256,47.5984,62.1112
29.5141,51.9407,182.256,47.598,62.1108
29.5141,51.9407,182.256,47.5968,62.111
29.5141,51.9407,182.256,47.5964,62.1114
29.5141,51.9407,182.256,47.5975,62.1115
29.5141,51.9407,182.256,47.5982,62.1112
29.5141,51.9407,182.256,47.5976,62.111
29.5141,51.9407,182.256,47.5963,62.1113
29.5141,51.9407,182.256,47.5962,62.1116
29.5141,51.9407,182.256,47.5978,62.1116
29.5169,51.9406,182.256,47.6007,62.1109
29.5225,51.9388,182.256,47.6084,62.1084
29.5302,51.9333,182.256,47.6169,62.104
29.5391,51.9223,182.256,47.6208,62.0996
29.5486,51.9044,182.255,47.6207,62.0968
29.558,51.8797,182.255,47.6222,62.0956
29.5668,51.8491,182.255,47.6284,62.094
29.5746,51.8144,182.255,47.635,62.0914
29.5813,51.7777,182.255,47.638,62.0889
29.5871,51.7409,182.254,47.6396,62.0874
29.5924,51.7047,182.254,47.6449,62.086
29.5972,51.6705,182.254,47.6542,62.083
29.6019,51.6385,182.254,47.6631,62.0786
29.6068,51.6086,182.254,47.6688,62.0741
29.6119,51.58,182.253,47.6749,62.0698
29.6173,51.5518,182.253,47.6835,62.0652
29.6228,51.524,182.253,47.6934,62.0596
29.6287,51.4953,182.252,47.7022,62.0535
29.6345,51.4657,182.252,47.7088,62.0477
29.6403,51.4343,182.252,47.7158,62.0424
29.646,51.4018,182.251,47.7246,62.0369
29.6515,51.3684,182.251,47.7342,62.0306
29.6566,51.3344,182.251,47.7434,62.024
29.6615,51.3002,182.25,47.7503,62.0176
29.6663,51.2657,182.25,47.7577,62.0116
29.6708,51.2311,182.249,47.768,62.0048
29.6753,51.1971,182.249,47.779,61.9971
29.6796,51.1637,182.248,47.7887,61.9892
29.6838,51.1317,182.248,47.7958,61.9816
29.6882,51.0985,182.247,47.8039,61.9743
29.6926,51.0656,182.247,47.8153,61.9664
29.697,51.0326,182.246,47.8273,61.9572
29.7016,50.9977,182.245,47.8372,61.9473
29.706,50.9645,182.245,47.8449,61.9385
29.7103,50.9307,182.244,47.854,61.93
29.7146,50.8967,182.243,47.8647,61.9211
29.7188,50.8624,182.243,47.8766,61.9112
29.723,50.8274,182.242,47.8869,61.9008
29.7271,50.7921,182.241,47.8954,61.8907
29.7311,50.7573,182.241,47.9043,61.8812
29.7351,50.7226,182.24,47.915,61.8712
29.7391,50.6872,182.239,47.9276,61.8603
29.7431,50.6516,182.239,47.9391,61.8485
29.747,50.6169,182.238,47.9465,61.8376
29.7508,50.582,182.237,47.9557,61.8272
29.7547,50.5461,182.236,47.9679,61.8159
29.7586,50.5109,182.235,47.9799,61.8038
29.7624,50.4758,182.235,47.9904,61.7914
29.7661,50.4409,182.234,47.9987,61.7796
29.7698,50.4055,182.233,48.0081,61.7681
29.7735,50.3704,182.232,48.0199,61.756
29.7773,50.3344,182.231,48.032,61.7427
29.781,50.2988,182.23,48.0411,61.7296
29.7846,50.2633,182.229,48.0492,61.7172
29.7883,50.2276,182.228,48.0597,61.7048
29.7919,50.1938,182.228,48.0717,61.6921
29.7956,50.1573,182.227,48.0822,61.678
29.7992,50.1212,182.226,48.09,61.6647
29.8027,50.0851,182.225,48.0993,61.6516
29.8062,50.0499,182.224,48.1105,61.6382
29.8097,50.014,182.223,48.1219,61.6237
29.8131,49.9789,182.222,48.1305,61.6095
29.8167,49.9434,182.221,48.1389,61.5957
29.8201,49.9078,182.22,48.1481,61.5818
29.8236,49.872,182.219,48.1587,61.5674
29.8271,49.8359,182.218,48.1689,61.5523
29.8306,49.7998,182.217,48.1777,61.5373
29.8341,49.764,182.216,48.1859,61.5227
29.8375,49.7278,182.215,48.1948,61.5079
29.8409,49.6918,182.214,48.2044,61.4929
29.8442,49.656,182.213,48.2136,61.4776
29.8476,49.6194,182.212,48.2227,61.462
29.8509,49.5839,182.21,48.23,61.4469
29.8541,49.5478,182.209,48.2376,61.4319
29.8574,49.5121,182.208,48.2471,61.4166
29.8607,49.4761,182.207,48.257,61.4005
29.864,49.4404,182.206,48.265,61.3843
29.8673,49.4049,182.205,48.2713,61.3687
29.8707,49.3686,182.204,48.2798,61.353
29.8739,49.3327,182.203,48.2885,61.3368
29.8771,49.2968,182.202,48.2963,61.3205
29.8804,49.2608,182.2,48.3033,61.3043
29.8836,49.2248,182.199,48.3109,61.2881
29.8868,49.1887,182.198,48.3188,61.2716
29.89,49.1529,182.197,48.3265,61.2552
29.8932,49.117,182.196,48.3338,61.2386
29.8964,49.08,182.194,48.3406,61.2216
29.8995,49.044,182.193,48.3475,61.2051
29.9027,49.0079,182.192,48.3552,61.1884
29.9058,48.9718,182.191,48.3632,61.1711
29.909,48.936,182.19,48.3683,61.1544
29.9121,48.8995,182.188,48.3747,61.1375
29.9153,48.8618,182.187,48.3828,61.12
29.9183,48.8258,182.186,48.39,61.1025
29.9214,48.7895,182.185,48.3964,61.085
29.9244,48.7536,182.183,48.4023,61.0681
29.9276,48.7165,182.182,48.4085,61.0506
29.9307,48.6796,182.181,48.4147,61.0334
29.9337,48.643,182.18,48.4225,61.0155
29.9366,48.6069,182.178,48.4292,60.9976
29.9396,48.5707,182.177,48.4337,60.98
29.9426,48.5345,182.176,48.439,60.9627
29.9455,48.4983,182.174,48.4458,60.9452
29.9485,48.462,182.173,48.4531,60.9271
29.9514,48.4256,182.172,48.4589,60.9087
29.9543,48.3893,182.17,48.4627,60.891
29.9572,48.353,182.169,48.4682,60.8737
29.96,48.3168,182.168,48.4749,60.8558
29.9629,48.2806,182.166,48.4809,60.8376
29.9657,48.2454,182.165,48.4867,60.82
29.9686,48.2086,182.164,48.4907,60.8018
29.9714,48.1717,182.162,48.4947,60.7841
29.9742,48.1354,182.161,48.5016,60.7662
29.977,48.0996,182.16,48.5087,60.7477
29.9798,48.0633,182.158,48.5128,60.7292
29.9826,48.0267,182.157,48.5178,60.7108
29.9853,47.9904,182.155,48.5215,60.6929
29.988,47.9537,182.154,48.5269,60.6749
29.9907,47.917,182.153,48.534,60.6561
29.9934,47.8803,182.151,48.539,60.6371
29.996,47.8441,182.15,48.5427,60.6186
29.9986,47.8079,182.148,48.5475,60.6005
30.0012,47.7721,182.147,48.5525,60.5823
30.0039,47.7362,182.146,48.5579,60.5639
30.0065,47.6997,182.144,48.5632,60.5451
30.0092,47.6635,182.143,48.5683,60.5263
30.0118,47.6274,182.141,48.572,60.5078
30.0144,47.5908,182.14,48.5761,60.4895
30.0169,47.5545,182.138,48.5816,60.4711
30.0195,47.5178,182.137,48.5877,60.4519
30.022,47.4813,182.135,48.592,60.4329
30.0245,47.4446,182.134,48.5959,60.4142
30.0269,47.4086,182.132,48.6003,60.3959
30.0294,47.3725,182.131,48.6058,60.3774
30.0319,47.3364,182.13,48.6104,60.3587
30.0344,47.2998,182.128,48.6145,60.3399
30.0369,47.2637,182.127,48.6198,60.3212
30.0394,47.2275,182.125,48.625,60.3023
30.0418,47.1913,182.124,48.6297,60.2834
30.0443,47.1548,182.122,48.6338,60.2645
30.0467,47.1187,182.121,48.6385,60.2461
30.0492,47.082,182.119,48.6437,60.2271
30.0516,47.0457,182.118,48.6488,60.2082
30.0539,47.0091,182.116,48.6532,60.189
30.0563,46.9728,182.115,48.6571,60.1704
30.0586,46.9365,182.113,48.6623,60.1517
30.061,46.9003,182.112,48.6681,60.1325
30.0633,46.8642,182.11,48.6732,60.1134
30.0657,46.8275,182.109,48.6769,60.0942
30.068,46.791,182.107,48.6813,60.0751
30.0703,46.7548,182.105,48.6851,60.0567
30.0726,46.7186,182.104,48.6916,60.0377
30.0749,46.6822,182.103,48.6975,60.0181
30.0772,46.6462,182.101,48.7016,59.9987
30.0794,46.61,182.099,48.704,59.98
30.0817,46.5739,182.098,48.709,59.9616
30.0839,46.5381,182.096,48.7155,59.9427
30.0862,46.5017,182.095,48.7209,59.9231
30.0885,46.4667,182.093,48.7247,59.9047
30.0908,46.4294,182.092,48.7279,59.8856
30.093,46.3928,182.09,48.7324,59.8671
30.0953,46.3564,182.089,48.7391,59.848
30.0975,46.3198,182.087,48.7455,59.8282
30.0997,46.2837,182.086,48.7492,59.8087
30.1019,46.2473,182.084,48.7521,59.7899
30.1041,46.2118,182.082,48.7575,59.7715
30.1063,46.1757,182.081,48.764,59.7523
30.1085,46.1393,182.079,48.769,59.7328
30.1107,46.1026,182.078,48.773,59.7135
30.1128,46.066,182.076,48.7774,59.6945
30.115,46.0299,182.075,48.7829,59.6756
30.1171,45.9933,182.073,48.7891,59.6559
30.1192,45.9573,182.072,48.7938,59.6365
30.1214,45.921,182.07,48.7979,59.6175
30.1235,45.8847,182.068,48.8019,59.5985
30.1256,45.8483,182.067,48.8083,59.5792
30.1277,45.8119,182.065,48.814,59.5596
30.1298,45.7754,182.064,48.8178,59.5402
30.1319,45.739,182.062,48.823,59.5209
30.1339,45.7027,182.06,48.8279,59.5016
30.136,45.6663,182.059,48.834,59.4822
30.1381,45.6309,182.057,48.839,59.463
30.1402,45.5946,182.056,48.8433,59.4436
30.1423,45.5587,182.054,48.8475,59.4246
30.1444,45.5222,182.052,48.8529,59.4055
30.1465,45.4861,182.051,48.8592,59.3861
30.1486,45.4501,182.049,48.8653,59.3664
30.1507,45.414,182.048,48.869,59.3468
30.1528,45.3781,182.046,48.8727,59.3281
30.1549,45.3416,182.044,48.8778,59.3092
30.157,45.3049,182.043,48.8843,59.2899
30.159,45.2687,182.041,48.8907,59.27
30.161,45.2321,182.04,48.8946,59.2503
30.1631,45.196,182.038,48.8987,59.2314
30.1651,45.1598,182.036,48.9043,59.2121
30.1671,45.1241,182.035,48.9106,59.1928
30.1692,45.0879,182.033,48.9164,59.173
30.1712,45.0521,182.031,48.921,59.1535
30.1733,45.0162,182.03,48.9244,59.1345
30.1754,44.9803,182.028,48.9301,59.1157
30.1775,44.9447,182.027,48.9367,59.0963
30.1796,44.9084,182.025,48.9417,59.0766
30.1817,44.8724,182.023,48.9461,59.0574
30.1838,44.836,182.022,48.9514,59.0381
30.1858,44.7993,182.02,48.9561,59.0186
30.1878,44.7629,182.018,48.961,58.9994
30.1898,44.7265,182.017,48.9667,58.9801
30.1917,44.6903,182.015,48.9721,58.9606
30.1937,44.6544,182.014,48.9775,58.9411
30.1957,44.6182,182.012,48.9832,58.9215
30.1977,44.5822,182.01,48.9875,58.9019
30.1997,44.5464,182.009,48.9914,58.883
30.2017,44.5105,182.007,48.9975,58.8639
30.2038,44.4744,182.005,49.0036,58.8444
30.2058,44.4379,182.004,49.0089,58.8247
30.2079,44.4015,182.002,49.0143,58.8048
30.2099,44.3658,182.001,49.0189,58.7856
30.2119,44.3296,181.999,49.0234,58.7662
30.2139,44.2936,181.997,49.0292,58.7471
30.2159,44.2575,181.996,49.0353,58.7273
30.2179,44.2217,181.994,49.0405,58.7078
30.2199,44.1858,181.992,49.0446,58.6885
30.222,44.1498,181.991,49.0495,58.6694
30.224,44.1138,181.989,49.056,58.65
30.226,44.0777,181.987,49.0618,58.6301
30.228,44.0415,181.986,49.0659,58.6105
30.23,44.0054,181.984,49.0699,58.5915
30.232,43.9696,181.982,49.0758,58.5724
30.234,43.9337,181.981,49.0819,58.5529
30.236,43.8973,181.979,49.0874,58.533
30.238,43.861,181.977,49.0917,58.5134
30.2399,43.8254,181.976,49.0961,58.4945
30.2419,43.7894,181.974,49.1016,58.4752
30.2439,43.7535,181.973,49.108,58.4558
30.2459,43.7176,181.971,49.1133,58.4359
30.2479,43.6817,181.969,49.1175,58.4165
30.25,43.646,181.968,49.1221,58.3975
30.252,43.6096,181.966,49.1278,58.378
30.254,43.5735,181.964,49.1342,58.3582
30.2559,43.5376,181.963,49.1383,58.3387
30.2579,43.5016,181.961,49.1439,58.3193
30.2599,43.4656,181.959,49.1483,58.2998
30.2619,43.4297,181.958,49.1534,58.2807
30.2638,43.3937,181.956,49.1595,58.261
30.2657,43.3582,181.954,49.1642,58.2417
30.2677,43.3222,181.953,49.1683,58.2225
30.2697,43.2861,181.951,49.1734,58.2033
30.2717,43.2511,181.949,49.1798,58.1843
30.2737,43.2147,181.948,49.1858,58.1643
30.2756,43.178,181.946,49.1888,58.1447
30.2775,43.1426,181.944,49.193,58.1261
30.2795,43.1066,181.943,49.1993,58.1069
30.2815,43.0703,181.941,49.2067,58.0868
30.2834,43.0341,181.939,49.2125,58.0664
30.2854,42.9985,181.937,49.2149,58.0472
30.2873,42.9616,181.936,49.2182,58.0284
30.2892,42.9252,181.934,49.2259,58.009
30.2911,42.8891,181.932,49.233,57.9888
30.2929,42.8533,181.931,49.2377,57.9687
30.2949,42.8177,181.929,49.2413,57.9494
30.2968,42.7822,181.927,49.2454,57.9304
30.2987,42.7468,181.926,49.2521,57.9113
30.3007,42.7113,181.924,49.2586,57.8915
30.3027,42.6753,181.922,49.2631,57.8716
30.3047,42.6396,181.921,49.2672,57.8523
30.3067,42.6036,181.919,49.272,57.833
30.3086,42.568,181.917,49.2776,57.8139
30.3106,42.5322,181.916,49.2834,57.7944
30.3125,42.4961,181.914,49.288,57.7747
30.3144,42.46,181.912,49.292,57.7555
30.3164,42.4237,181.91,49.2985,57.7361
30.3182,42.3874,181.909,49.3032,57.7164
30.32,42.3509,181.907,49.307,57.6969
30.3218,42.3149,181.905,49.3124,57.6778
30.3237,42.2789,181.904,49.3191,57.6579
30.3255,42.2432,181.902,49.3245,57.638
30.3273,42.2077,181.9,49.3283,57.6185
30.3293,42.1722,181.898,49.3329,57.5995
30.3312,42.1361,181.897,49.3385,57.58
30.3331,42.1002,181.895,49.3445,57.5603
30.335,42.0645,181.893,49.3502,57.5405
30.3369,42.0286,181.891,49.3544,57.5208
30.3388,41.9929,181.89,49.359,57.5015
30.3407,41.9576,181.888,49.3647,57.4824
30.3426,41.9219,181.886,49.3699,57.4629
30.3446,41.8862,181.885,49.3751,57.4436
30.3465,41.8506,181.883,49.3799,57.4241
30.3484,41.8147,181.881,49.3852,57.4047
30.3503,41.7785,181.879,49.39,57.3851
30.3522,41.7426,181.878,49.395,57.3657
30.354,41.7071,181.876,49.4,57.3465
30.3558,41.6715,181.874,49.4053,57.3272
30.3577,41.6356,181.873,49.4108,57.3076
30.3596,41.6004,181.871,49.4161,57.2883
30.3615,41.5647,181.869,49.4203,57.2689
30.3634,41.5284,181.867,49.4249,57.2496
30.3652,41.4927,181.866,49.4304,57.2303
30.3641,41.4579,181.864,49.4341,57.2115
30.3602,41.4232,181.862,49.4295,57.1939
30.3544,41.3913,181.86,49.4235,57.179
30.3472,41.3632,181.859,49.4258,57.1642
30.3393,41.3397,181.857,49.4354,57.1464
30.3316,41.3211,181.856,49.4425,57.1266
30.3243,41.3065,181.854,49.4434,57.1067
30.3179,41.2956,181.853,49.444,57.0877
30.3125,41.2877,181.851,49.4514,57.0681
30.3083,41.2814,181.85,49.4623,57.0463
30.3051,41.276,181.848,49.4692,57.0237
30.3028,41.2706,181.847,49.4701,57.0023
30.3011,41.2646,181.845,49.4712,56.9826
30.2997,41.2575,181.844,49.4753,56.9634
30.2985,41.2492,181.843,49.4816,56.9436
30.2971,41.2397,181.841,49.4833,56.924
30.2956,41.2293,181.84,49.4814,56.9062
30.2937,41.2185,181.838,49.4816,56.8895
30.2915,41.2076,181.837,49.4848,56.8726
30.2891,41.1968,181.836,49.487,56.8553
30.2864,41.1866,181.834,49.487,56.8383
30.2837,41.1771,181.833,49.4857,56.8223
30.2809,41.1684,181.832,49.4861,56.8068
30.2782,41.1605,181.831,49.4887,56.7908
30.2757,41.1534,181.83,49.4912,56.7743
30.2733,41.147,181.829,49.4914,56.7582
30.2711,41.1411,181.827,49.4902,56.7427
30.2692,41.1356,181.826,49.4909,56.7275
30.2674,41.1304,181.825,49.4929,56.712
30.2657,41.1253,181.824,49.4937,56.6966
30.2642,41.1202,181.823,49.4925,56.6819
30.2628,41.1151,181.822,49.4909,56.6678
30.2614,41.1099,181.821,49.4916,56.654
30.26,41.1046,181.82,49.4911,56.6401
30.2585,41.0994,181.819,49.4907,56.6267
30.2571,41.0942,181.818,49.4888,56.6135
30.2556,41.0892,181.817,49.4867,56.601
30.2541,41.0844,181.816,49.4852,56.5888
30.2526,41.0797,181.815,49.4854,56.5765
30.2511,41.0752,181.814,49.4848,56.5639
30.2497,41.0711,181.814,49.4827,56.5523
30.2483,41.067,181.813,49.4793,56.541
30.2469,41.0631,181.812,49.4778,56.5299
30.2456,41.0596,181.811,49.477,56.5192
30.2442,41.056,181.81,49.4761,56.5079
30.2429,41.0526,181.809,49.4753,56.4967
30.2417,41.0494,181.809,49.4732,56.4859
30.2405,41.0463,181.808,49.4695,56.4758
30.2393,41.0433,181.807,49.4672,56.4662
30.2382,41.0403,181.806,49.4669,56.4564
30.237,41.0374,181.806,49.4664,56.4462
30.2359,41.0345,181.805,49.4637,56.4364
30.2348,41.0317,181.804,49.46,56.4276
30.2337,41.0289,181.803,49.457,56.4191
30.2325,41.0262,181.803,49.457,56.4103
30.2314,41.0236,181.802,49.4563,56.401
30.2303,41.0211,181.802,49.4532,56.3923
30.2291,41.0187,181.801,49.4496,56.3843
30.228,41.0163,181.8,49.4475,56.3767
30.2269,41.0141,181.8,49.4469,56.3689
30.2259,41.0119,181.799,49.4452,56.3609
30.2248,41.0099,181.799,49.4426,56.3533
30.2237,41.0078,181.798,49.4401,56.346
30.2227,41.0059,181.797,49.438,56.339
30.2216,41.004,181.797,49.4365,56.3321
30.2206,41.0022,181.796,49.435,56.3252
30.2196,41.0004,181.796,49.4329,56.3184
30.2186,40.9987,181.795,49.4307,56.3119
30.2176,40.997,181.795,49.4288,56.3057
30.2166,40.9954,181.794,49.4281,56.2993
30.2156,40.9938,181.794,49.4264,56.2933
30.2146,40.9922,181.793,49.4242,56.2871
30.2136,40.9907,181.793,49.4214,56.2817
30.2126,40.9893,181.792,49.4202,56.2763
30.2117,40.9879,181.792,49.4201,56.2706
30.2107,40.9865,181.791,49.419,56.2649
30.2098,40.9852,181.791,49.4167,56.2596
30.2088,40.9839,181.79,49.4148,56.2547
30.2079,40.9827,181.79,49.4136,56.2499
30.2069,40.9815,181.79,49.4138,56.2449
30.206,40.9804,181.789,49.4131,56.2398
30.2051,40.9793,181.789,49.4111,56.2351
30.2042,40.9782,181.788,49.4089,56.2308
30.2033,40.9771,181.788,49.4082,56.2268
30.2024,40.9761,181.788,49.4081,56.2225
30.2016,40.9751,181.787,49.4083,56.218
30.2007,40.9742,181.787,49.4072,56.2136
30.1998,40.9732,181.787,49.4051,56.2098
30.199,40.9723,181.786,49.4038,56.2063
30.1981,40.9715,181.786,49.4047,56.2026
30.1973,40.9706,181.786,49.4053,56.1985
30.1965,40.9699,181.785,49.4043,56.1949
30.1957,40.9691,181.785,49.4014,56.1917
30.1949,40.9683,181.785,49.4012,56.1888
30.1941,40.9675,181.784,49.4025,56.1854
30.1934,40.9668,181.784,49.4031,56.1818
30.1926,40.9662,181.784,49.4021,56.1784
30.1919,40.9655,181.783,49.4008,56.1754
30.1911,40.9649,181.783,49.4004,56.1728
30.1904,40.9643,181.783,49.4015,56.1699
30.1897,40.9637,181.783,49.4033,56.1666
30.189,40.9631,181.782,49.4022,56.1635
30.1883,40.9625,181.782,49.4001,56.1611
30.1876,40.962,181.782,49.4006,56.1589
30.1869,40.9615,181.782,49.4022,56.1563
30.1862,40.961,181.781,49.4036,56.1533
30.1856,40.9605,181.781,49.4029,56.1506
30.1849,40.96,181.781,49.4022,56.1483
30.1843,40.9596,181.781,49.4019,56.1464
30.1837,40.9591,181.781,49.4034,56.1442
30.1831,40.9587,181.78,49.4048,56.1417
30.1825,40.9583,181.78,49.4046,56.1393
30.182,40.958,181.78,49.404,56.1374
30.1814,40.9576,181.78,49.4048,56.1356
30.1809,40.9572,181.78,49.4057,56.1336
30.1803,40.9569,181.779,49.4065,56.1314
30.1798,40.9566,181.779,49.4065,56.1295
30.1793,40.9562,181.779,49.4072,56.1277
30.1788,40.9559,181.779,49.4085,56.1258
30.1783,40.9557,181.779,49.4089,56.1239
30.1778,40.9554,181.779,49.4088,56.1222
30.1774,40.9551,181.778,49.4092,56.1207
30.1769,40.9548,181.778,49.4104,56.1191
30.1765,40.9546,181.778,49.4117,56.1173
30.176,40.9544,181.778,49.4121,56.1156
30.1756,40.9541,181.778,49.4122,56.114
30.1752,40.9539,181.778,49.4118,56.1129
30.1748,40.9537,181.778,49.4137,56.1115
30.1744,40.9535,181.777,49.4155,56.1098
30.1741,40.9533,181.777,49.416,56.108
30.1737,40.9531,181.777,49.4157,56.1067
30.1734,40.953,181.777,49.4159,56.1057
30.173,40.9528,181.777,49.4173,56.1044
30.1727,40.9526,181.777,49.4185,56.103
30.1724,40.9525,181.777,49.4192,56.1016
30.1721,40.9523,181.777,49.4195,56.1003
30.1718,40.9522,181.777,49.4199,56.0993
30.1715,40.952,181.776,49.4209,56.0981
30.1712,40.9519,181.776,49.422,56.0969
30.171,40.9518,181.776,49.4227,56.0956
30.1707,40.9517,181.776,49.4235,56.0944
30.1705,40.9516,181.776,49.4234,56.0934
30.1702,40.9515,181.776,49.4239,56.0925
30.17,40.9514,181.776,49.4253,56.0915
30.1698,40.9513,181.776,49.4264,56.0902
30.1695,40.9512,181.776,49.4267,56.0891
30.1693,40.9511,181.776,49.4268,56.0882
30.1691,40.951,181.776,49.4275,56.0873
30.169,40.9509,181.776,49.4282,56.0864
30.1688,40.9508,181.775,49.429,56.0854
30.1686,40.9508,181.775,49.4296,56.0845
30.1684,40.9507,181.775,49.43,56.0836
30.1683,40.9506,181.775,49.4305,56.0827
30.1681,40.9506,181.775,49.4311,56.0819
30.168,40.9505,181.775,49.4317,56.081
30.1678,40.9505,181.775,49.4323,56.0801
30.1677,40.9504,181.775,49.4329,56.0792
30.1676,40.9504,181.775,49.433,56.0785
30.1674,40.9503,181.775,49.4333,56.0778
30.1673,40.9503,181.775,49.4341,56.077
30.1672,40.9502,181.775,49.4348,56.0761
30.1671,40.9502,181.775,49.4351,56.0753
30.167,40.9502,181.775,49.4354,56.0746
30.1669,40.9501,181.775,49.4355,56.0739
30.1668,40.9501,181.775,49.436,56.0733
30.1667,40.95,181.775,49.4371,56.0724
30.1666,40.95,181.775,49.437,56.0716
30.1666,40.95,181.774,49.4368,56.0711
30.1665,40.9499,181.774,49.4371,56.0705
30.1664,40.9499,181.774,49.438,56.0699
30.1663,40.9499,181.774,49.4385,56.0691
30.1663,40.9499,181.774,49.4385,56.0684
30.1662,40.9498,181.774,49.4383,56.0678
30.1662,40.9498,181.774,49.4389,56.0673
30.1661,40.9498,181.774,49.4391,56.0667
30.166,40.9498,181.774,49.4396,56.066
30.166,40.9498,181.774,49.4396,56.0654
30.1659,40.9497,181.774,49.4398,56.0649
30.1659,40.9497,181.774,49.44,56.0643
30.1659,40.9497,181.774,49.4403,56.0638
30.1658,40.9497,181.774,49.4403,56.0632
30.1658,40.9497,181.774,49.4403,56.0627
30.1657,40.9496,181.774,49.4406,56.0622
30.1657,40.9496,181.774,49.441,56.0616
30.1657,40.9496,181.774,49.441,56.0611
30.1656,40.9496,181.774,49.4409,56.0606
30.1656,40.9496,181.774,49.4409,56.0602
30.1656,40.9496,181.774,49.4409,56.0598
30.1655,40.9495,181.774,49.4415,56.0593
30.1655,40.9495,181.774,49.4418,56.0587
30.1655,40.9495,181.774,49.4415,56.0582
30.1654,40.9495,181.774,49.4413,56.0578
30.1654,40.9495,181.774,49.4413,56.0575
30.1654,40.9495,181.774,49.4416,56.057
30.1654,40.9495,181.774,49.442,56.0565
30.1654,40.9494,181.774,49.4419,56.056
30.1653,40.9494,181.774,49.4413,56.0557
30.1653,40.9494,181.774,49.4415,56.0554
30.1653,40.9494,181.774,49.4423,56.0549
30.1653,40.9494,181.774,49.4423,56.0544
30.1652,40.9494,181.774,49.4418,56.054
30.1652,40.9494,181.773,49.4414,56.0537
30.1652,40.9493,181.773,49.4416,56.0535
30.1652,40.9493,181.773,49.4422,56.053
30.1651,40.9493,181.773,49.4423,56.0525
30.1651,40.9493,181.773,49.4419,56.0521
30.1651,40.9493,181.773,49.4417,56.0519
30.1651,40.9493,181.773,49.4416,56.0516
30.1651,40.9493,181.773,49.442,56.0513
30.165,40.9493,181.773,49.4422,56.0508
30.165,40.9492,181.773,49.442,56.0504
30.165,40.9492,181.773,49.4417,56.0502
30.165,40.9492,181.773,49.4419,56.0499
30.1649,40.9492,181.773,49.442,56.0496
30.1649,40.9492,181.773,49.4418,56.0493
30.1649,40.9492,181.773,49.4417,56.049
30.1649,40.9492,181.773,49.4418,56.0488
30.1649,40.9492,181.773,49.4419,56.0485
30.1648,40.9491,181.773,49.4421,56.0481
30.1648,40.9491,181.773,49.4419,56.0478
30.1648,40.9491,181.773,49.4417,56.0476
30.1648,40.9491,181.773,49.4418,56.0473
30.1647,40.9491,181.773,49.4419,56.0471
30.1647,40.9491,181.773,49.4419,56.0468
30.1647,40.9491,181.773,49.4416,56.0466
30.1647,40.9491,181.773,49.4419,56.0464
30.1646,40.9491,181.773,49.442,56.0461
30.1646,40.949,181.773,49.4421,56.0458
30.1646,40.949,181.773,49.4419,56.0455
30.1646,40.949,181.773,49.442,56.0453
30.1646,40.949,181.773,49.4419,56.0451
30.1645,40.949,181.773,49.4418,56.0449
30.1645,40.949,181.773,49.442,56.0447
30.1645,40.949,181.773,49.4422,56.0444
30.1644,40.949,181.773,49.4422,56.0441
30.1644,40.949,181.773,49.442,56.044
30.1644,40.9489,181.773,49.4419,56.0438
30.1644,40.9489,181.773,49.4421,56.0437
30.1643,40.9489,181.773,49.4424,56.0434
30.1643,40.9489,181.773,49.4424,56.0431
30.1643,40.9489,181.773,49.4421,56.0429
30.1643,40.9489,181.773,49.4421,56.0428
30.1642,40.9489,181.773,49.4424,56.0427
30.1642,40.9489,181.773,49.4426,56.0424
30.1642,40.9489,181.773,49.4427,56.0422
30.1642,40.9489,181.773,49.4425,56.042
30.1641,40.9489,181.773,49.4424,56.0419
30.1641,40.9488,181.773,49.4427,56.0417
30.1641,40.9488,181.773,49.443,56.0415
30.1641,40.9488,181.773,49.443,56.0413
30.164,40.9488,181.773,49.4427,56.0412
30.164,40.9488,181.773,49.4427,56.0411
30.164,40.9488,181.773,49.4431,56.041
30.164,40.9488,181.773,49.4435,56.0407
30.164,40.9488,181.773,49.4434,56.0404
30.1639,40.9488,181.773,49.4432,56.0404
30.1639,40.9488,181.773,49.4432,56.0403
30.1639,40.9488,181.773,49.4435,56.0402
30.1639,40.9488,181.773,49.4439,56.0399
30.1638,40.9488,181.773,49.4438,56.0397
30.1638,40.9488,181.773,49.4438,56.0396
30.1638,40.9488,181.773,49.4437,56.0395
30.1638,40.9488,181.773,49.444,56.0394
30.1638,40.9488,181.773,49.4442,56.0392
30.1637,40.9487,181.773,49.4445,56.039
30.1637,40.9487,181.773,49.4443,56.0389
30.1637,40.9487,181.773,49.4441,56.0388
30.1637,40.9487,181.773,49.4443,56.0388
30.1637,40.9487,181.773,49.4449,56.0386
30.1636,40.9487,181.773,49.4451,56.0384
30.1636,40.9487,181.773,49.4449,56.0382
30.1636,40.9487,181.773,49.4446,56.0382
30.1636,40.9487,181.773,49.4449,56.0382
30.1636,40.9487,181.773,49.4455,56.038
30.1635,40.9487,181.773,49.4458,56.0377
30.1635,40.9487,181.773,49.4454,56.0376
30.1635,40.9487,181.773,49.4454,56.0376
30.1635,40.9487,181.773,49.4456,56.0375
30.1635,40.9487,181.773,49.4459,56.0374
30.1635,40.9487,181.773,49.4459,56.0372
30.1635,40.9487,181.773,49.4461,56.0371
30.1634,40.9487,181.773,49.4463,56.037
30.1634,40.9487,181.773,49.4463,56.0369
30.1634,40.9487,181.773,49.4463,56.0368
30.1634,40.9487,181.773,49.4465,56.0367
30.1634,40.9487,181.773,49.4468,56.0366
30.1634,40.9487,181.773,49.4467,56.0365
30.1634,40.9487,181.773,49.4469,56.0364
30.1634,40.9487,181.773,49.4471,56.0363
30.1633,40.9487,181.773,49.4473,56.0361
30.1633,40.9487,181.773,49.4473,56.036
30.1633,40.9487,181.773,49.4473,56.036
30.1633,40.9487,181.773,49.4476,56.0359
30.1633,40.9487,181.773,49.4477,56.0357
30.1633,40.9487,181.773,49.4478,56.0356
30.1633,40.9487,181.773,49.4478,56.0356
30.1633,40.9487,181.773,49.4481,56.0355
30.1633,40.9487,181.773,49.4483,56.0353
30.1633,40.9487,181.773,49.4483,56.0352
30.1633,40.9487,181.773,49.4482,56.0352
30.1632,40.9487,181.773,49.4484,56.0351
30.1632,40.9487,181.773,49.4487,56.035
30.1632,40.9487,181.773,49.4488,56.0349
30.1632,40.9487,181.773,49.4491,56.0347
30.1632,40.9487,181.773,49.4489,56.0346
30.1632,40.9487,181.773,49.4487,56.0347
30.1632,40.9487,181.773,49.4491,56.0346
30.1632,40.9487,181.773,49.4496,56.0344
30.1632,40.9487,181.773,49.4497,56.0342
30.1632,40.9487,181.773,49.4494,56.0342
30.1632,40.9487,181.773,49.4492,56.0342
30.1632,40.9487,181.773,49.4497,56.0342
30.1632,40.9487,181.773,49.4502,56.034
30.1632,40.9487,181.773,49.4502,56.0338
30.1632,40.9487,181.773,49.45,56.0337
30.1632,40.9487,181.773,49.4499,56.0338
30.1632,40.9487,181.773,49.4501,56.0337
30.1632,40.9487,181.773,49.4505,56.0336
30.1632,40.9487,181.773,49.4507,56.0334
30.1632,40.9487,181.773,49.4505,56.0333
30.1632,40.9487,181.773,49.4503,56.0334
30.1632,40.9487,181.773,49.4506,56.0333
30.1632,40.9487,181.773,49.4511,56.0332
30.1632,40.9487,181.773,49.4512,56.033
30.1632,40.9487,181.773,49.4508,56.0329
30.1632,40.9487,181.773,49.4507,56.033
30.1632,40.9487,181.773,49.4511,56.033
30.1632,40.9487,181.773,49.4516,56.0328
30.1632,40.9487,181.773,49.4517,56.0326
30.1631,40.9487,181.773,49.4511,56.0326
30.1631,40.9487,181.773,49.451,56.0327
30.1631,40.9487,181.773,49.4515,56.0326
30.1631,40.9487,181.773,49.4522,56.0324
30.1631,40.9487,181.773,49.4521,56.0322
30.1631,40.9487,181.773,49.4516,56.0322
30.1631,40.9487,181.773,49.4515,56.0323
30.1631,40.9487,181.773,49.452,56.0322
30.1631,40.9487,181.773,49.4522,56.0321
30.1631,40.9487,181.773,49.4525,56.0319
30.1631,40.9487,181.773,49.4523,56.0318
30.1631,40.9487,181.773,49.4521,56.0318
30.1631,40.9487,181.773,49.4522,56.0318
30.1631,40.9487,181.773,49.4525,56.0317
30.1631,40.9487,181.773,49.4528,56.0316
30.1631,40.9487,181.773,49.4527,56.0315
30.1631,40.9487,181.773,49.4526,56.0315
30.1631,40.9487,181.773,49.4527,56.0314
30.1631,40.9487,181.773,49.4529,56.0314
30.1631,40.9487,181.773,49.4531,56.0313
30.1631,40.9487,181.773,49.453,56.0312
30.1631,40.9487,181.773,49.4528,56.0312
30.1631,40.9487,181.773,49.453,56.0312
30.1631,40.9487,181.773,49.4533,56.031
30.1631,40.9487,181.773,49.4535,56.0309
30.1631,40.9487,181.773,49.4532,56.0308
30.1631,40.9487,181.773,49.4531,56.0309
30.1631,40.9487,181.773,49.4533,56.0308
30.1631,40.9487,181.772,49.4537,56.0307
30.1631,40.9487,181.773,49.4535,56.0306
30.1631,40.9487,181.773,49.4536,56.0306
30.1631,40.9487,181.773,49.4538,56.0305
30.1631,40.9487,181.773,49.4538,56.0304
30.1631,40.9487,181.773,49.4537,56.0304
30.1631,40.9487,181.773,49.4534,56.0305
30.1632,40.9487,181.772,49.454,56.0304
30.1632,40.9487,181.773,49.4545,56.0302
30.1632,40.9487,181.773,49.4542,56.03
30.1632,40.9487,181.773,49.4537,56.0301
30.1631,40.9487,181.773,49.4537,56.0302
30.1631,40.9487,181.773,49.4544,56.0301
30.1631,40.9487,181.773,49.4553,56.0298
30.1631,40.9487,181.773,49.4544,56.0296
30.1631,40.9487,181.772,49.4533,56.0299
30.1631,40.9487,181.772,49.454,56.0301
30.1631,40.9487,181.773,49.4551,56.0298
30.1631,40.9487,181.773,49.4554,56.0295
30.1631,40.9487,181.773,49.4549,56.0293
30.1631,40.9487,181.772,49.4538,56.0295
30.1631,40.9487,181.772,49.4541,56.0297
30.1631,40.9487,181.773,49.4549,56.0297
30.1631,40.9487,181.773,49.4556,56.0294
30.1631,40.9487,181.773,49.4553,56.0291
30.1631,40.9487,181.773,49.4545,56.0292
30.1631,40.9487,181.772,49.4543,56.0293
30.1631,40.9487,181.773,49.455,56.0294
30.1631,40.9487,181.773,49.4556,56.0291
30.1631,40.9487,181.773,49.4555,56.0289
30.1631,40.9487,181.772,49.4552,56.0289
30.1631,40.9487,181.772,49.455,56.029
30.1631,40.9487,181.772,49.4551,56.029
30.1631,40.9487,181.773,49.4554,56.0289
30.1631,40.9487,181.773,49.4556,56.0288
30.1631,40.9487,181.773,49.4556,56.0287
30.1631,40.9487,181.773,49.4551,56.0288
30.1631,40.9487,181.773,49.4555,56.0288
30.1631,40.9487,181.773,49.4559,56.0286
29.2539,40.9952,181.756,48.5772,56.1449
28.4908,41.3321,181.717,46.8054,56.6887
27.9039,42.0862,181.75,46.6646,57.2753
27.5173,43.2487,181.843,48.3915,57.2617
27.3278,44.7357,181.89,49.805,56.6765
27.3201,46.412,181.853,49.3984,56.1842
27.4654,48.126,181.798,48.1938,56.1644
27.729,49.6911,181.806,48.0344,56.3475
28.0669,50.8903,181.862,49.0984,56.2657
28.4191,51.5673,181.888,49.81,55.9343
28.7378,51.6868,181.853,49.1043,55.7847
28.9762,51.3158,181.81,47.8101,56.0615
29.1091,50.6292,181.815,47.3216,56.5179
29.1352,49.8305,181.862,47.8303,56.7804
29.0745,49.1059,181.891,48.2779,56.7892
28.9574,48.5812,181.88,47.8598,56.8234
28.8191,48.3167,181.857,47.0713,57.0711
28.6921,48.3184,181.868,46.908,57.377
28.5993,48.5431,181.908,47.4957,57.472
28.5506,48.9156,181.931,48.0262,57.3513
28.5471,49.4024,181.922,47.8387,57.235
28.5869,49.9015,181.903,47.2527,57.3215
28.6582,50.3437,181.909,47.0755,57.5082
28.7475,50.6756,181.938,47.4681,57.58
28.8382,50.8715,181.956,47.7997,57.5148
28.9192,50.9381,181.949,47.5507,57.491
28.9812,50.8934,181.935,46.9961,57.642
29.0189,50.7755,181.94,46.7741,57.8779
29.0325,50.6308,181.964,47.0329,58.0172
29.0269,50.4993,181.981,47.2806,58.0272
29.0092,50.4138,181.979,47.098,58.0482
28.9871,50.3876,181.969,46.7062,58.1834
28.9674,50.4226,181.974,46.5886,58.3634
28.9551,50.5103,181.995,46.8421,58.4532
28.9529,50.6318,182.009,47.0746,58.4375
28.9612,50.7747,182.006,46.9443,58.432
28.9786,50.9123,181.998,46.6311,58.5294
29.0019,51.03,182.003,46.5364,58.6741
29.0276,51.1163,182.018,46.7339,58.7517
29.0515,51.1688,182.03,46.898,58.7535
29.0728,51.1954,182.026,46.7735,58.7716
29.0892,51.1992,182.022,46.4992,58.8785
29.0998,51.1898,182.026,46.4186,59.021
29.1054,51.1769,182.039,46.5843,59.1054
29.1071,51.1684,182.049,46.7269,59.1209
29.1066,51.1709,182.047,46.6213,59.1501
29.1056,51.1866,182.044,46.4174,59.2469
29.1054,51.215,182.047,46.3829,59.3665
29.107,51.2531,182.06,46.5473,59.4301
29.1105,51.2947,182.067,46.6653,59.4388
29.1162,51.34,182.065,46.5773,59.4649
29.1234,51.3815,182.062,46.4159,59.5493
29.1314,51.417,182.067,46.4014,59.6518
29.1396,51.4453,182.077,46.5491,59.7078
29.1473,51.4662,182.083,46.6414,59.7212
29.1539,51.4804,182.081,46.5553,59.7556
29.1592,51.4903,182.079,46.4289,59.8398
29.1634,51.4982,182.085,46.4438,59.9323
29.1664,51.5059,182.092,46.5814,59.9792
29.1688,51.5152,182.098,46.6505,59.9945
29.1709,51.5269,182.096,46.5738,60.032
29.173,51.541,182.095,46.4836,60.1102
29.1753,51.557,182.1,46.5242,60.1877
29.1781,51.5738,182.108,46.6486,60.2237
29.1812,51.591,182.111,46.6993,60.238
29.1846,51.6076,182.109,46.6323,60.2765
29.1883,51.6234,182.11,46.573,60.3473
29.1921,51.6375,182.115,46.6312,60.4112
29.1958,51.6497,182.121,46.7393,60.4402
29.1994,51.6601,182.123,46.7687,60.457
29.2027,51.6692,182.122,46.7108,60.4978
29.2058,51.6777,182.123,46.6806,60.5623
29.2087,51.6856,182.128,46.7488,60.6147
29.2114,51.6934,182.134,46.8401,60.6382
29.2141,51.7014,182.135,46.8545,60.6572
29.2168,51.7096,182.134,46.8079,60.6992
29.2195,51.718,182.136,46.803,60.7558
29.2222,51.7265,182.14,46.8753,60.7963
29.225,51.7352,182.145,46.9506,60.8149
29.228,51.7438,182.146,46.956,60.8341
29.2311,51.752,182.146,46.9212,60.8736
29.2342,51.7597,182.148,46.9298,60.9223
29.2374,51.7669,182.152,47.0008,60.956
29.2407,51.7737,182.156,47.0626,60.9718
29.2439,51.7799,182.156,47.0598,60.9923
29.247,51.7856,182.156,47.0352,61.0299
29.2501,51.7912,182.159,47.0583,61.0714
29.2533,51.7967,182.163,47.1273,61.0971
29.2564,51.8021,182.165,47.1711,61.1108
29.2596,51.8073,182.166,47.1633,61.132
29.2628,51.8127,182.166,47.1518,61.1674
29.2661,51.8179,182.169,47.185,61.2014
29.2694,51.823,182.172,47.2433,61.2211
29.2728,51.8279,182.174,47.2728,61.234
29.2762,51.8326,182.175,47.263,61.2559
29.2796,51.8373,182.176,47.2629,61.2875
29.2831,51.8417,182.179,47.3004,61.3141
29.2866,51.8459,182.181,47.3482,61.3291
29.2901,51.85,182.183,47.3652,61.3421
29.2937,51.8539,182.183,47.3569,61.3639
29.2972,51.8576,182.185,47.3653,61.3911
29.3008,51.8612,182.187,47.4036,61.4118
29.3043,51.8647,182.189,47.4392,61.4238
29.3079,51.8681,182.191,47.4478,61.4364
29.3115,51.8714,182.191,47.4437,61.4564
29.3151,51.8747,182.193,47.4565,61.479
29.3187,51.8778,182.195,47.4905,61.4953
29.3224,51.8809,182.197,47.5167,61.5057
29.326,51.8839,182.198,47.5211,61.5179
29.3297,51.8867,182.199,47.5187,61.5364
29.3334,51.8894,182.2,47.534,61.5552
29.3371,51.892,182.202,47.5631,61.5677
29.3407,51.8945,182.204,47.5806,61.5763
29.3443,51.8969,182.204,47.5798,61.5883
29.348,51.8992,182.205,47.5803,61.605
29.3516,51.9015,182.207,47.5972,61.6198
29.3552,51.9037,182.209,47.6202,61.6292
29.3587,51.9057,182.21,47.6299,61.6369
29.3623,51.9078,182.211,47.6272,61.6483
29.3658,51.9097,182.212,47.6291,61.6622
29.3693,51.9116,182.213,47.6458,61.674
29.3728,51.9134,182.215,47.663,61.6812
29.3763,51.9151,182.216,47.6666,61.6884
29.3797,51.9168,182.216,47.6623,61.6992
29.3832,51.9183,182.217,47.6664,61.7115
29.3866,51.9198,182.219,47.6808,61.7204
29.3899,51.9213,182.22,47.6917,61.7262
29.3932,51.9226,182.22,47.6906,61.7331
29.3965,51.9239,182.221,47.6868,61.7429
29.3998,51.9252,182.222,47.6919,61.7528
29.403,51.9264,182.223,47.7031,61.7596
29.4062,51.9276,182.224,47.7083,61.7646
29.4093,51.9287,182.225,47.7044,61.7713
29.4124,51.9297,182.226,47.7017,61.7801
29.4154,51.9307,182.227,47.7071,61.7879
29.4184,51.9317,182.228,47.7145,61.793
29.4213,51.9326,182.228,47.7151,61.7975
29.4242,51.9334,182.229,47.7097,61.8041
29.427,51.9342,182.23,47.7084,61.8116
29.4298,51.935,182.231,47.713,61.8175
29.4326,51.9357,182.231,47.7167,61.8216
29.4353,51.9363,182.232,47.7135,61.8261
29.4379,51.9369,182.232,47.7084,61.8322
29.4404,51.9375,182.233,47.7078,61.8384
29.443,51.9381,182.234,47.7112,61.8429
29.4454,51.9386,182.235,47.7113,61.8463
29.4478,51.9391,182.235,47.7063,61.8506
29.4501,51.9395,182.235,47.7016,61.8562
29.4524,51.9399,182.236,47.7013,61.8612
29.4547,51.9403,182.237,47.7027,61.8649
29.4567,51.9406,182.237,47.7007,61.8677
29.4588,51.941,182.238,47.695,61.8719
29.4609,51.9413,182.238,47.691,61.8767
29.4629,51.9415,182.239,47.6907,61.8807
29.4648,51.9418,182.239,47.6902,61.8837
29.4667,51.942,182.24,47.6861,61.8867
29.4686,51.9421,182.24,47.6809,61.8906
29.4703,51.9423,182.24,47.6772,61.8948
29.472,51.9424,182.241,47.6766,61.8981
29.4737,51.9426,182.241,47.675,61.9006
29.4752,51.9427,182.242,47.6703,61.9034
29.4768,51.9427,182.242,47.665,61.907
29.4783,51.9428,182.242,47.6621,61.9107
29.4797,51.9429,182.243,47.6611,61.9134
29.4811,51.9429,182.243,47.6584,61.9157
29.4824,51.9429,182.243,47.6537,61.9184
29.4837,51.9429,182.243,47.6485,61.9219
29.485,51.9429,182.244,47.6467,61.925
29.4862,51.9429,182.244,47.6459,61.9271
29.4873,51.9429,182.244,47.6425,61.9291
29.4884,51.9428,182.245,47.6377,61.9317
29.4894,51.9428,182.245,47.6327,61.9349
29.4904,51.9427,182.245,47.6307,61.938
29.4913,51.9426,182.245,47.6305,61.9399
29.4923,51.9426,182.246,47.6274,61.9416
29.4931,51.9425,182.246,47.6221,61.9441
29.4939,51.9424,182.246,47.6186,61.9471
29.4947,51.9423,182.246,47.6175,61.9496
29.4955,51.9422,182.246,47.6164,61.9513
29.4962,51.9421,182.247,47.6132,61.9531
29.4969,51.942,182.247,47.6086,61.9557
29.4975,51.9419,182.247,47.6063,61.9584
29.4981,51.9418,182.247,47.606,61.9603
29.4986,51.9416,182.247,47.6042,61.9619
29.4992,51.9415,182.247,47.6006,61.9639
29.4997,51.9414,182.248,47.5971,61.9665
29.5002,51.9413,182.248,47.5964,61.9689
29.5006,51.9412,182.248,47.5965,61.9704
29.501,51.941,182.248,47.5946,61.9718
29.5014,51.9409,182.248,47.5907,61.974
29.5018,51.9408,182.248,47.5884,61.9766
29.5021,51.9407,182.248,47.5888,61.9786
29.5024,51.9406,182.249,47.5891,61.9798
29.5027,51.9404,182.249,47.5865,61.9813
29.503,51.9403,182.249,47.5831,61.9837
29.5032,51.9402,182.249,47.5821,61.9862
29.5035,51.9401,182.249,47.5844,61.9876
29.5037,51.94,182.249,47.5841,61.9885
29.5039,51.9399,182.249,47.5807,61.9903
29.504,51.9398,182.249,47.5785,61.9928
29.5042,51.9397,182.249,47.5797,61.9948
29.5043,51.9396,182.25,47.5807,61.9961
29.5045,51.9395,182.25,47.5805,61.9972
29.5046,51.9394,182.25,47.5779,61.999
29.5047,51.9393,182.25,47.577,62.0012
29.5048,51.9392,182.25,47.5786,62.0029
29.5049,51.9391,182.25,47.5801,62.0039
29.5049,51.9391,182.25,47.5788,62.0051
29.505,51.939,182.25,47.5768,62.0072
29.5051,51.9389,182.25,47.5772,62.0093
29.5051,51.9389,182.25,47.5797,62.0106
29.5051,51.9388,182.25,47.5808,62.0113
29.5052,51.9387,182.251,47.5794,62.0126
29.5052,51.9387,182.251,47.5779,62.0147
29.5052,51.9386,182.251,47.5794,62.0166
29.5053,51.9386,182.251,47.582,62.0176
29.5053,51.9385,182.251,47.5827,62.0184
29.5053,51.9385,182.251,47.5809,62.0199
29.5053,51.9385,182.251,47.5808,62.022
29.5053,51.9384,182.251,47.5836,62.0234
29.5053,51.9384,182.251,47.5859,62.0241
29.5053,51.9384,182.251,47.5856,62.025
29.5053,51.9384,182.251,47.5843,62.0267
29.5053,51.9384,182.251,47.5853,62.0285
29.5053,51.9384,182.251,47.5884,62.0296
29.5053,51.9384,182.251,47.5903,62.0302
29.5053,51.9384,182.251,47.5894,62.0313
29.5053,51.9384,182.251,47.5893,62.0329
29.5053,51.9384,182.252,47.5908,62.0344
29.5053,51.9384,182.252,47.5935,62.0354
29.5054,51.9384,182.252,47.5948,62.036
29.5054,51.9384,182.252,47.5945,62.0371
29.5054,51.9384,182.252,47.5941,62.0388
29.5054,51.9384,182.252,47.5969,62.04
29.5054,51.9384,182.252,47.5997,62.0405
29.5054,51.9384,182.252,47.5998,62.0412
29.5055,51.9385,182.252,47.5988,62.0426
29.5055,51.9385,182.252,47.6002,62.0441
29.5055,51.9385,182.252,47.6036,62.0449
29.5056,51.9386,182.252,47.6052,62.0452
29.5056,51.9386,182.252,47.6044,62.0461
29.5056,51.9386,182.252,47.6042,62.0476
29.5057,51.9387,182.252,47.606,62.0489
29.5057,51.9387,182.253,47.6093,62.0494
29.5058,51.9387,182.253,47.6104,62.0497
29.5058,51.9388,182.253,47.6094,62.0506
29.5059,51.9388,182.253,47.6096,62.052
29.506,51.9389,182.253,47.6118,62.053
29.506,51.9389,182.253,47.6145,62.0534
29.5061,51.939,182.253,47.6147,62.0538
29.5062,51.939,182.253,47.6141,62.0548
29.5062,51.939,182.253,47.6146,62.0561
29.5063,51.9391,182.253,47.6175,62.0568
29.5064,51.9391,182.253,47.6192,62.057
29.5065,51.9392,182.253,47.619,62.0574
29.5066,51.9392,182.253,47.6181,62.0586
29.5067,51.9393,182.253,47.6194,62.0597
29.5068,51.9393,182.253,47.622,62.0602
29.5069,51.9394,182.253,47.6234,62.0602
29.507,51.9394,182.253,47.6226,62.0607
29.5071,51.9395,182.253,47.622,62.0619
29.5072,51.9395,182.254,47.6234,62.0629
29.5073,51.9396,182.254,47.6256,62.0632
29.5074,51.9396,182.254,47.6266,62.0633
29.5075,51.9396,182.254,47.6261,62.0638
29.5076,51.9397,182.254,47.6251,62.0648
29.5077,51.9397,182.254,47.6261,62.0658
29.5078,51.9398,182.254,47.6288,62.066
29.508,51.9398,182.254,47.6294,62.0659
29.5081,51.9399,182.254,47.628,62.0665
29.5082,51.9399,182.254,47.6275,62.0676
29.5083,51.9399,182.254,47.6291,62.0683
29.5084,51.94,182.254,47.6311,62.0683
29.5085,51.94,182.254,47.6311,62.0683
29.5087,51.94,182.254,47.6297,62.0689
29.5088,51.9401,182.254,47.6291,62.07
29.5089,51.9401,182.254,47.6311,62.0705
29.509,51.9402,182.254,47.6327,62.0704
29.5092,51.9402,182.254,47.6321,62.0705
29.5093,51.9402,182.254,47.6301,62.0713
29.5094,51.9403,182.254,47.631,62.0721
29.5095,51.9403,182.254,47.633,62.0722
29.5096,51.9403,182.254,47.6332,62.0721
29.5098,51.9404,182.254,47.632,62.0724
29.5099,51.9404,182.254,47.6308,62.0733
29.51,51.9404,182.255,47.6318,62.074
29.5101,51.9404,182.255,47.6334,62.074
29.5102,51.9404,182.255,47.6333,62.0739
29.5104,51.9405,182.255,47.6315,62.0744
29.5105,51.9405,182.255,47.6309,62.0752
29.5106,51.9405,182.255,47.6322,62.0756
29.5107,51.9405,182.255,47.6335,62.0754
29.5108,51.9405,182.255,47.6328,62.0753
29.5109,51.9406,182.255,47.6307,62.076
29.511,51.9406,182.255,47.6303,62.0769
29.5111,51.9406,182.255,47.632,62.0771
29.5112,51.9406,182.255,47.6329,62.0769
29.5114,51.9406,182.255,47.6315,62.0769
29.5115,51.9406,182.255,47.6298,62.0776
29.5116,51.9406,182.255,47.6299,62.0783
29.5117,51.9406,182.255,47.6316,62.0784
29.5117,51.9406,182.255,47.6321,62.0781
29.5118,51.9407,182.255,47.6301,62.0782
29.5119,51.9407,182.255,47.6284,62.079
29.512,51.9407,182.255,47.629,62.0797
29.5121,51.9407,182.255,47.6305,62.0796
29.5122,51.9407,182.255,47.6304,62.0793
29.5123,51.9407,182.255,47.6284,62.0796
29.5124,51.9407,182.255,47.6271,62.0804
29.5124,51.9407,182.255,47.6279,62.0809
29.5125,51.9407,182.255,47.6294,62.0807
29.5126,51.9407,182.255,47.6287,62.0804
29.5127,51.9407,182.255,47.6263,62.0809
29.5127,51.9407,182.255,47.6256,62.0817
29.5128,51.9407,182.255,47.627,62.082
29.5129,51.9407,182.255,47.6279,62.0817
29.5129,51.9407,182.255,47.6265,62.0816
29.513,51.9407,182.255,47.6247,62.0821
29.513,51.9407,182.255,47.6242,62.0829
29.5131,51.9406,182.255,47.6257,62.083
29.5132,51.9406,182.255,47.6264,62.0826
29.5132,51.9406,182.255,47.6246,62.0826
29.5133,51.9406,182.255,47.6228,62.0833
29.5133,51.9406,182.255,47.6229,62.0839
29.5134,51.9406,182.255,47.6244,62.0839
29.5134,51.9406,182.255,47.6246,62.0836
29.5134,51.9406,182.255,47.6226,62.0837
29.5135,51.9406,182.255,47.6209,62.0845
29.5135,51.9406,182.255,47.6216,62.085
29.5136,51.9406,182.255,47.6232,62.0848
29.5136,51.9406,182.255,47.6225,62.0845
29.5136,51.9406,182.255,47.6205,62.0849
29.5136,51.9406,182.255,47.6194,62.0857
29.5137,51.9405,182.255,47.6208,62.0859
29.5137,51.9405,182.255,47.6216,62.0856
29.5137,51.9405,182.255,47.6205,62.0855
29.5138,51.9405,182.255,47.6186,62.086
29.5138,51.9405,182.255,47.6183,62.0867
29.5138,51.9405,182.255,47.6197,62.0868
29.5138,51.9405,182.255,47.6202,62.0865
29.5138,51.9405,182.255,47.6186,62.0865
29.5139,51.9405,182.255,47.6172,62.0871
29.5139,51.9405,182.255,47.6175,62.0876
29.5139,51.9404,182.255,47.6187,62.0875
29.5139,51.9404,182.255,47.6185,62.0873
29.5139,51.9404,182.255,47.6169,62.0875
29.5139,51.9404,182.255,47.6159,62.0881
29.5139,51.9404,182.255,47.6158,62.0886
29.5139,51.9404,182.255,47.6171,62.0887
29.5139,51.9404,182.255,47.6182,62.0882
29.5139,51.9404,182.255,47.6163,62.0882
29.514,51.9404,182.255,47.6144,62.0889
29.514,51.9404,182.255,47.6147,62.0896
29.514,51.9404,182.255,47.6167,62.0895
29.514,51.9403,182.255,47.6169,62.089
29.514,51.9403,182.255,47.6148,62.0892
29.514,51.9403,182.255,47.6135,62.0899
29.514,51.9403,182.255,47.6146,62.0904
29.514,51.9403,182.255,47.616,62.0901
29.514,51.9403,182.255,47.6153,62.0899
29.514,51.9403,182.255,47.6138,62.0901
29.514,51.9403,182.255,47.6127,62.0909
29.514,51.9403,182.255,47.6141,62.0912
29.514,51.9403,182.255,47.6154,62.0909
29.514,51.9403,182.255,47.6145,62.0907
29.514,51.9403,182.255,47.6125,62.0912
29.5139,51.9403,182.255,47.6125,62.0918
29.5139,51.9403,182.255,47.614,62.0918
29.5139,51.9403,182.255,47.614,62.0916
29.5139,51.9403,182.255,47.6128,62.0918
29.5139,51.9402,182.255,47.6122,62.0922
29.5139,51.9402,182.255,47.6129,62.0925
29.5139,51.9402,182.255,47.6138,62.0923
29.5139,51.9402,182.255,47.6131,62.0923
29.5139,51.9402,182.255,47.6119,62.0926
29.5139,51.9402,182.255,47.6117,62.0931
29.5139,51.9402,182.255,47.6128,62.0932
29.5139,51.9402,182.255,47.6132,62.093
29.5139,51.9402,182.255,47.6123,62.0931
29.5139,51.9402,182.255,47.6114,62.0935
29.5139,51.9402,182.255,47.6117,62.0939
29.5139,51.9402,182.255,47.6126,62.0939
29.5139,51.9402,182.255,47.6127,62.0937
29.5139,51.9402,182.255,47.6121,62.0938
29.5139,51.9402,182.255,47.6111,62.0941
29.5139,51.9402,182.255,47.6111,62.0946
29.5139,51.9402,182.255,47.6125,62.0946
29.5139,51.9402,182.255,47.6126,62.0943
29.5139,51.9402,182.255,47.6111,62.0946
29.5139,51.9402,182.255,47.6103,62.0952
29.5138,51.9402,182.255,47.6116,62.0953
29.5138,51.9402,182.256,47.6127,62.095
29.5138,51.9402,182.255,47.6118,62.0949
29.5138,51.9402,182.255,47.6101,62.0954
29.5138,51.9402,182.255,47.6101,62.096
